<entities >
  <entity name="adx_webpage" displayname="Web Page" etc="10409" primaryidfield="adx_webpageid" primarynamefield="adx_name" disableplugins="false" skipupdate="true">
    <fields>
      <field displayname="Advanced Form" name="adx_webform" type="entityreference" lookupType="adx_webform" customfield="true" />
      <field displayname="Allow Origin" name="adx_alloworigin" type="string" customfield="true" />
      <field displayname="Author" name="adx_authorid" type="entityreference" lookupType="contact" customfield="true" />
      <field displayname="Basic Form" name="adx_entityform" type="entityreference" lookupType="adx_entityform" customfield="true" />
      <field displayname="Bot Consumer" name="adx_botconsumerid" type="entityreference" lookupType="adx_botconsumer" customfield="true" />
      <field displayname="Category" name="adx_category" type="optionsetvalue" customfield="true" />
      <field displayname="Comment Policy" name="adx_feedbackpolicy" type="optionsetvalue" customfield="true" />
      <field displayname="Copy" name="adx_copy" type="string" customfield="true" />
      <field displayname="Created By" name="createdby" type="entityreference" lookupType="systemuser" />
      <field displayname="Created By (Delegate)" name="createdonbehalfby" type="entityreference" lookupType="systemuser" />
      <field displayname="Created By IP Address" name="adx_createdbyipaddress" type="string" customfield="true" />
      <field displayname="Created By Username" name="adx_createdbyusername" type="string" customfield="true" />
      <field displayname="Created On" name="createdon" type="datetime" />
      <field displayname="Custom CSS" name="adx_customcss" type="string" customfield="true" />
      <field displayname="Custom JavaScript" name="adx_customjavascript" type="string" customfield="true" />
      <field displayname="Description" name="adx_meta_description" type="string" customfield="true" />
      <field displayname="Display Date" name="adx_displaydate" type="datetime" customfield="true" />
      <field displayname="Display Order" name="adx_displayorder" type="number" customfield="true" />
      <field displayname="Editorial Comments" name="adx_editorialcomments" type="string" customfield="true" />
      <field displayname="Enable Ratings" name="adx_enablerating" type="bool" customfield="true" />
      <field displayname="Enable Tracking (deprecated)" name="adx_enabletracking" type="bool" customfield="true" />
      <field displayname="Exclude From Search" name="adx_excludefromsearch" type="bool" customfield="true" />
      <field displayname="Expiration Date" name="adx_expirationdate" type="datetime" customfield="true" />
      <field displayname="Hidden From Sitemap" name="adx_hiddenfromsitemap" type="bool" customfield="true" />
      <field displayname="Image" name="adx_image" type="entityreference" lookupType="adx_webfile" customfield="true" />
      <field displayname="Image URL" name="adx_imageurl" type="string" customfield="true" />
      <field displayname="Import Sequence Number" name="importsequencenumber" type="number" />
      <field displayname="Is Root" name="adx_isroot" type="bool" customfield="true" />
      <field displayname="isOfflineCached" name="adx_isofflinecached" type="bool" customfield="true" />
      <field displayname="List" name="adx_entitylist" type="entityreference" lookupType="adx_entitylist" customfield="true" />
      <field displayname="Master Web Page" name="adx_masterwebpageid" type="entityreference" lookupType="adx_webpage" customfield="true" />
      <field displayname="Modified By" name="modifiedby" type="entityreference" lookupType="systemuser" />
      <field displayname="Modified By (Delegate)" name="modifiedonbehalfby" type="entityreference" lookupType="systemuser" />
      <field displayname="Modified By IP Address" name="adx_modifiedbyipaddress" type="string" customfield="true" />
      <field displayname="Modified By Username" name="adx_modifiedbyusername" type="string" customfield="true" />
      <field displayname="Modified On" name="modifiedon" type="datetime" />
      <field displayname="Name" name="adx_name" type="string" customfield="true" />
      <field displayname="Navigation" name="adx_navigation" type="entityreference" lookupType="adx_weblinkset" customfield="true" />
      <field displayname="Owner" name="ownerid" type="owner" />
      <field displayname="Owning Business Unit" name="owningbusinessunit" type="entityreference" lookupType="businessunit" />
      <field displayname="Owning Team" name="owningteam" type="entityreference" lookupType="team" />
      <field displayname="Owning User" name="owninguser" type="entityreference" lookupType="systemuser" />
      <field displayname="Page Template" name="adx_pagetemplateid" type="entityreference" lookupType="adx_pagetemplate" customfield="true" />
      <field displayname="Parent Page" name="adx_parentpageid" type="entityreference" lookupType="adx_webpage" customfield="true" />
      <field displayname="Partial URL" name="adx_partialurl" type="string" customfield="true" />
      <field displayname="Publishing State" name="adx_publishingstateid" type="entityreference" lookupType="adx_publishingstate" customfield="true" />
      <field displayname="Record Created On" name="overriddencreatedon" type="datetime" />
      <field displayname="Release Date" name="adx_releasedate" type="datetime" customfield="true" />
      <field displayname="Root Webpage" name="adx_rootwebpageid" type="entityreference" lookupType="adx_webpage" customfield="true" />
      <field displayname="Shared Page Configuration" name="adx_sharedpageconfiguration" type="bool" customfield="true" />
      <field displayname="Status" name="statecode" type="state" />
      <field displayname="Status Reason" name="statuscode" type="status" />
      <field displayname="Subject" name="adx_subjectid" type="entityreference" lookupType="subject" customfield="true" />
      <field displayname="Summary" name="adx_summary" type="string" customfield="true" />
      <field displayname="Time Zone Rule Version Number" name="timezoneruleversionnumber" type="number" />
      <field displayname="Title" name="adx_title" type="string" customfield="true" />
      <field displayname="UTC Conversion Time Zone Code" name="utcconversiontimezonecode" type="number" />
      <field displayname="Version Number" name="versionnumber" type="bigint" />
      <field displayname="Web Page" name="adx_webpageid" type="guid" primaryKey="true" />
      <field displayname="Webpage Language" name="adx_webpagelanguageid" type="entityreference" lookupType="adx_websitelanguage" customfield="true" />
      <field displayname="Website" name="adx_websiteid" type="entityreference" lookupType="adx_website" customfield="true" />
    </fields>
  </entity>
</entities>